Workbook

Sheet README
A1: Parish Finder data
A3: How to use this workbook
A4: 1. Parishes sheet: one row per parish or church. parish_id is permanent; never change or reuse it. New parish: next free number for its diocese (e.g. BLR-131).
A5: 2. Masses sheet: one row per service. Link it to a parish with parish_id. A Mass on 7 days is 7 rows. Use 24-hour time (18:30).
A6: 3. Dropdowns (day, type, geo_status, active) come from the Lists sheet. Add a language to Lists and it appears in the dropdown.
A7: 4. Location: every pin is "approximate" until someone checks it. Click map_link to open the pin in Google Maps; if the church is elsewhere, right-click it in Google Maps, copy the coordinates into latitude/longitude, and set geo_status to "verified".
A8: 5. geo_precision says how the pin was found: post_office = the post office named in the address (usually within 1-2 km); pincode = the main post office of that pincode (can be several km off in rural areas); locality = matched by place name only. Check pincode and locality pins first.
A9: 6. For exact church pins from Google, run: python geocode.py parish_data.xlsx --google YOUR_API_KEY (it never touches "verified" rows).
A10: 7. When done, run: python build_json.py parish_data.xlsx parishes.json
A12: Field notes
A13: phone: Bangalore 8-digit landlines were given the 080- STD code so tap-to-call works.
A14: Masses: only Chikmagalur has timings so far, parsed from the diocese website text. They default to recurrence "Weekly" and blank language. Please review these, especially language.
... A17: Source: List_of_Parishes.xlsx (Master Parish List + diocese directory sheets), migrated 2026-10-29.

Sheet Parishes
A1: parish_id | B1: name | C1: patron | D1: diocese | E1: diocese_code | F1: rite | G1: deanery | H1: address | I1: locality | J1: city | K1: district | L1: state | M1: pincode | N1: latitude | O1: longitude | P1: geo_status | Q1: geo_precision | R1: map_link | S1: phone | T1: email | U1: website | V1: languages | W1: year_established | X1: catholics | Y1: feast_day
A2: BLR-001 | B2: St Mary's Minor Basilica Church | D2: Archdiocese of Bangalore | E2: LAT-BANGALORE | F2: Latin | H2: Msgr. F. Noronha Road, Shivajinagar, Bengaluru 560 051 | I2: Shivajinagar | J2: Bengaluru | L2: Karnataka | M2: 560051 | N2: 12.155389 | O2: 78.011806 | P2: approximate | Q2: pincode | R2: =IF(N2="","",HYPERLINK("https://www.google.com/maps/search/?api=1&query="&N2&","&O2,"Check pin")) -> Check pin | S2: 080-22865434; 080-22868627 | U2: https://www.stmarysbasilica.in | W2: 1702
A3: BLR-002 | B3: Infant Jesus Church and Shrine | D3: Archdiocese of Bangalore | E3: LAT-BANGALORE | F3: Latin | H3: Post Box 4712, Viveknagar, Bengaluru 560 047 | I3: Viveknagar | J3: Bengaluru | L3: Karnataka | M3: 560047 | N3: 12.944722 | O3: 77.574028 | P3: approximate | Q3: post_office | R3: =IF(N3="","",HYPERLINK("https://www.google.com/maps/search/?api=1&query="&N3&","&O3,"Check pin")) -> Check pin | S3: 080-25301206 | W3: 1971
A4: BLR-003 | B4: St Francis Xavier Cathedral | D4: Archdiocese of Bangalore | E4: LAT-BANGALORE | F4: Latin | H4: Promenade Road, Post Box No. 584, Father Servanton Circle, Cleveland Town, Bengaluru 560 005 | I4: Cleveland Town | J4: Bengaluru | L4: Karnataka | M4: 560005 | N4: 13.000722 | O4: 77.616139 | P4: approximate | Q4: pincode | R4: =IF(N4="","",HYPERLINK("https://www.google.com/maps/search/?api=1&query="&N4&","&O4,"Check pin")) -> Check pin | S4: 080-25542563
A5: BLR-004 | B5: Holy Ghost Parish | D5: Archdiocese of Bangalore | E5: LAT-BANGALORE | F5: Latin | H5: No. 9/1, Clarke Road, Richard's Town, Bengaluru 560 084 | I5: Richard's Town | J5: Bengaluru | L5: Karnataka | M5: 560084 | N5: 13.013389 | O5: 77.62975 | P5: approximate | Q5: pincode | R5: =IF(N5="","",HYPERLINK("https://www.google.com/maps/search/?api=1&query="&N5&","&O5,"Check pin")) -> Check pin | S5: 080-25470499; 080-25465493 | U5: https://www.holyghostchurch.in | W5: 1953
A6: BLR-005 | B6: Our Lady of Lourdes Church | D6: Archdiocese of Bangalore | E6: LAT-BANGALORE | F6: Latin | H6: Whitefield, Bengaluru 560 066 | I6: Whitefield | J6: Bengaluru | L6: Karnataka | M6: 560066 | N6: 12.967713 | O6: 77.749443 | P6: approximate | Q6: post_office | R6: =IF(N6="","",HYPERLINK("https://www.google.com/maps/search/?api=1&query="&N6&","&O6,"Check pin")) -> Check pin | S6: 080-28452231 | U6: https://www.lourdeschurchwhitefield.co.in | W6: 1936
A7: BLR-006 | B7: Sacred Heart Church | D7: Archdiocese of Bangalore | E7: LAT-BANGALORE | F7: Latin | H7: No. 62, Richmond Road, Msgr. D'Souza Circle, Bengaluru 560 025 | I7: Msgr. D'Souza Circle | J7: Bengaluru | L7: Karnataka | M7: 560025 | N7: 12.16325 | O7: 78.013417 | P7: approximate | Q7: post_office | R7: =IF(N7="","",HYPERLINK("https://www.google.com/maps/search/?api=1&query="&N7&","&O7,"Check pin")) -> Check pin | S7: 080-25511955; 080-48651427 | W7: 1874
A8: BLR-007 | B8: Immaculate Conception Church | D8: Archdiocese of Bangalore | E8: LAT-BANGALORE | F8: Latin | H8: Doresanipalya, Bannerghatta Road, I.I.M.B. Post, Bengaluru 560 076 | I8: I.I.M.B. | J8: Bengaluru | L8: Karnataka | M8: 560076 | N8: 12.89865 | O8: 77.601028 | P8: approximate | Q8: post_office | R8: =IF(N8="","",HYPERLINK("https://www.google.com/maps/search/?api=1&query="&N8&","&O8,"Check pin")) -> Check pin | W8: 1928
A9: BLR-008 | B9: Immaculate Heart of Mary Church | D9: Archdiocese of Bangalore | E9: LAT-BANGALORE | F9: Latin | H9: Mt St Joseph's Campus, Kalena Agrahara, IIMB Post, Bannerghatta Road, Bengaluru 560 076 | I9: IIMB | J9: Bengaluru | L9: Karnataka | M9: 560076 | N9: 12.89865 | O9: 77.601028 | P9: approximate | Q9: post_office | R9: =IF(N9="","",HYPERLINK("https://www.google.com/maps/search/?api=1&query="&N9&","&O9,"Check pin")) -> Check pin | T9: immaculateheartchurch76@gmail.com | U9: https://www.kalenaagaraharachurch.com | W9: 2002
A10: BLR-009 | B10: Our Lady of Sacred Heart Church | D10: Archdiocese of Bangalore | E10: LAT-BANGALORE | F10: Latin | H10: Haralur Road, Bellandur Gate, HSR Layout Post, Chevalier Bhavan, Bengaluru 560 102 | I10: Chevalier Bhavan | J10: Bengaluru | L10: Karnataka | M10: 560102 | N10: 12.91411 | O10: 77.637152 | P10: approximate | Q10: post_office | R10: =IF(N10="","",HYPERLINK("https://www.google.com/maps/search/?api=1&query="&N10&","&O10,"Check pin")) -> Check pin | S10: 080-28439750 | T10: parishpriest@olschurch.in | U10: https://www.olshchurch.in | W10: 2000
A11: BLR-010 | B11: Resurrection Church | D11: Archdiocese of Bangalore | E11: LAT-BANGALORE | F11: Latin | H11: Old Madras Road, 80 Ft. Road, Opp. Swami Vivekananda Metro Station, Indiranagar, Bengaluru 560 038 | I11: Indiranagar | J11: Bengaluru | L11: Karnataka | M11: 560038 | N11: 12.944722 | O11: 77.574028 | P11: approximate | Q11: post_office | R11: =IF(N11="","",HYPERLINK("https://www.google.com/maps/search/?api=1&query="&N11&","&O11,"Check pin")) -> Check pin | S11: 080-25284037; 080-25281357 | W11: 1980
A12: BLR-011 | B12: St Anthony's Church | D12: Archdiocese of Bangalore | E12: LAT-BANGALORE | F12: Latin | H12: T. C. Palya, K. R. Puram, Bengaluru 560 036 | I12: K. R. Puram | J12: Bengaluru | L12: Karnataka | M12: 560036 | N12: 13.005167 | O12: 77.696 | P12: approximate | Q12: pincode | R12: =IF(N12="","",HYPERLINK("https://www.google.com/maps/search/?api=1&query="&N12&","&O12,"Check pin")) -> Check pin | S12: 080-28474717 | W12: 1907
A13: BLR-012 | B13: St Anthony's Friary Church | D13: Archdiocese of Bangalore | E13: LAT-BANGALORE | F13: Latin | H13: No. 85, Hosur Road, Madiwala, Koramangala Post, Bengaluru 560 095 | I13: Koramangala | J13: Bengaluru | L13: Karnataka | M13: 560095 | N13: 12.938454 | O13: 77.619149 | P13: approximate | Q13: post_office | R13: =IF(N13="","",HYPERLINK("https://www.google.com/maps/search/?api=1&query="&N13&","&O13,"Check pin")) -> Check pin | S13: 080-25539985 | U13: https://www.friaryparish.com | W13: 1953
A14: BLR-013 | B14: St Francis De Sales Church | D14: Archdiocese of Bangalore | E14: LAT-BANGALORE | F14: Latin | H14: Mermier Nagara, Hebbagodi, Electronic City Post, Bengaluru 560 100 | I14: Electronic City | J14: Bengaluru | L14: Karnataka | M14: 560100 | N14: 12.84007 | O14: 77.663545 | P14: approximate | Q14: post_office | R14: =IF(N14="","",HYPERLINK("https://www.google.com/maps/search/?api=1&query="&N14&","&O14,"Check pin")) -> Check pin | S14: 080-27832825 | U14: https://www.fransalians.com | W14: 1983
A15: BLR-014 | B15: St John The Evangelist Church | D15: Archdiocese of Bangalore | E15: LAT-BANGALORE | F15: Latin | H15: Church Road, J. C. Nagar, Benson Town Post, Bengaluru 560 046 | I15: Benson Town | J15: Bengaluru | L15: Karnataka | M15: 560046 | P15: pending | R15: =IF(N15="","",HYPERLINK("https://www.google.com/maps/search/?api=1&query="&N15&","&O15,"Check pin")) | S15: 080-23333317 | U15: https://www.saintjohntheevangelistchurch.org | W15: 1978
A16: BLR-015 | B16: St Peter's Church | D16: Archdiocese of Bangalore | E16: LAT-BANGALORE | F16: Latin | H16: Rustum Bagh (Behind Manipal Hospital), Old Airport Road, Bengaluru 560 017 | I16: Rustum Bagh (Behind Manipal Hospital) | J16: Bengaluru | L16: Karnataka | M16: 560017 | N16: 12.944722 | O16: 77.574028 | P16: approximate | Q16: pincode | R16: =IF(N16="","",HYPERLINK("https://www.google.com/maps/search/?api=1&query="&N16&","&O16,"Check pin")) -> Check pin | S16: 080-25264343; 080-48516069 | W16: 2002
A17: BLR-016 | B17: Ascension Church | D17: Archdiocese of Bangalore | E17: LAT-BANGALORE | F17: Latin | H17: 2nd Cross, Da'Costa Layout, St Mary's Town Post, Bengaluru 560 084 | I17: St Mary's Town | J17: Bengaluru | L17: Karnataka | M17: 560084 | N17: 13.013389 | O17: 77.62975 | P17: approximate | Q17: pincode | R17: =IF(N17="","",HYPERLINK("https://www.google.com/maps/search/?api=1&query="&N17&","&O17,"Check pin")) -> Check pin | T17: ascensionchurchaccts@gmail.com | W17: 1968
A18: BLR-017 | B18: Christha Prabhalaya Epiphany Church | D18: Archdiocese of Bangalore | E18: LAT-BANGALORE | F18: Latin | H18: 16th Main, 4th Block East, Jayanagar, Bengaluru 560 011 | I18: Jayanagar | J18: Bengaluru | L18: Karnataka | M18: 560011 | N18: 12.930504 | O18: 77.58354 | P18: approximate | Q18: pincode | R18: =IF(N18="","",HYPERLINK("https://www.google.com/maps/search/?api=1&query="&N18&","&O18,"Check pin")) -> Check pin | S18: 080-26630361 | W18: 1968
A19: BLR-018 | B19: Don Bosco Church | D19: Archdiocese of Bangalore | E19: LAT-BANGALORE | F19: Latin | H19: No. 5/10, Don Bosco Street, Lingarajapuram, St. Thomas Town P.O., Bengaluru 560 084 | I19: St. Thomas Town | J19: Bengaluru | L19: Karnataka | M19: 560084 | N19: 13.013389 | O19: 77.62975 | P19: approximate | Q19: post_office | R19: =IF(N19="","",HYPERLINK("https://www.google.com/maps/search/?api=1&query="&N19&","&O19,"Check pin")) -> Check pin | S19: 080-25488694 | W19: 1995
A20: BLR-019 | B20: Holy Family Church | D20: Archdiocese of Bangalore | E20: LAT-BANGALORE | F20: Latin | H20: Ramamurthy Nagar Main Road, Dooravaninagar Post, Bengaluru 560 016 | I20: Dooravaninagar | J20: Bengaluru | L20: Karnataka | M20: 560016 | N20: 13.014083 | O20: 77.68275 | P20: approximate | Q20: post_office | R20: =IF(N20="","",HYPERLINK("https://www.google.com/maps/search/?api=1&query="&N20&","&O20,"Check pin")) -> Check pin | S20: 080-25650571 | W20: 1969
A21: BLR-020 | B21: Holy Redeemer Church | D21: Archdiocese of Bangalore | E21: LAT-BANGALORE | F21: Latin | H21: Sadupadesha Vidyalaya, 28/1, Hennuru Bande Main Road, Bengaluru 560 043 | I21: Sadupadesha Vidyalaya | J21: Bengaluru | L21: Karnataka | M21: 560043 | N21: 12.944722 | O21: 77.574028 | P21: approximate | Q21: pincode | R21: =IF(N21="","",HYPERLINK("https://www.google.com/maps/search/?api=1&query="&N21&","&O21,"Check pin")) -> Check pin | W21: 2010
A22: BLR-021 | B22: Immaculate Conception Church | D22: Archdiocese of Bangalore | E22: LAT-BANGALORE | F22: Latin | H22: M.G. Railway Colony, Bengaluru 560 023 | I22: M.G. Railway Colony | J22: Bengaluru | L22: Karnataka | M22: 560023 | N22: 12.975571 | O22: 77.560338 | P22: approximate | Q22: pincode | R22: =IF(N22="","",HYPERLINK("https://www.google.com/maps/search/?api=1&query="&N22&","&O22,"Check pin")) -> Check pin | S22: 080-23150168; 080-23109387 | W22: 1901
A23: BLR-022 | B23: Our Lady of Fatima Church | D23: Archdiocese of Bangalore | E23: LAT-BANGALORE | F23: Latin | H23: Jalahalli, H.M.T. Post, Bengaluru 560 013 | I23: H.M.T. | J23: Bengaluru | L23: Karnataka | M23: 560013 | N23: 13.064257 | O23: 77.546488 | P23: approximate | Q23: post_office | R23: =IF(N23="","",HYPERLINK("https://www.google.com/maps/search/?api=1&query="&N23&","&O23,"Check pin")) -> Check pin | S23: 080-28389631 | W23: 1953
A24: BLR-023 | B24: Our Lady of Lourdes Church | D24: Archdiocese of Bangalore | E24: LAT-BANGALORE | F24: Latin | H24: Lourdunagara, Virgonagara Post, Bengaluru 560 049 | I24: Virgonagara | J24: Bengaluru | L24: Karnataka | M24: 560049 | N24: 13.018417 | O24: 77.718417 | P24: approximate | Q24: post_office | R24: =IF(N24="","",HYPERLINK("https://www.google.com/maps/search/?api=1&query="&N24&","&O24,"Check pin")) -> Check pin | W24: 1983
A25: BLR-024 | B25: St Paul Church | D25: Archdiocese of Bangalore | E25: LAT-BANGALORE | F25: Latin | H25: 8th Mile, Chokkasandra, Nagasandra Post, Bengaluru 560 073 | I25: Nagasandra | J25: Bengaluru | L25: Karnataka | M25: 560073 | N25: 13.056573 | O25: 77.508083 | P25: approximate | Q25: post_office | R25: =IF(N25="","",HYPERLINK("https://www.google.com/maps/search/?api=1&query="&N25&","&O25,"Check pin")) -> Check pin | T25: stpaulchurchblr@gmail.com | W25: 1997
A26: BLR-025 | B26: St Pius X Church | D26: Archdiocese of Bangalore | E26: LAT-BANGALORE | F26: Latin | H26: Kammanahalli, St Thomas Town Post, Bengaluru 560 084 | I26: St Thomas Town | J26: Bengaluru | L26: Karnataka | M26: 560084 | N26: 13.013389 | O26: 77.62975 | P26: approximate | Q26: post_office | R26: =IF(N26="","",HYPERLINK("https://www.google.com/maps/search/?api=1&query="&N26&","&O26,"Check pin")) -> Check pin | S26: 080-25456994 | W26: 1965
A27: BLR-026 | B27: Christ the King Church | D27: Archdiocese of Bangalore | E27: LAT-BANGALORE | F27: Latin | H27: 8th Main Road, Malleswaram West, Bengaluru 560 055 | I27: Malleswaram West | J27: Bengaluru | L27: Karnataka | M27: 560055 | N27: 13.009049 | O27: 77.562867 | P27: approximate | Q27: post_office | R27: =IF(N27="","",HYPERLINK("https://www.google.com/maps/search/?api=1&query="&N27&","&O27,"Check pin")) -> Check pin | S27: 080-23342313 | W27: 1947
A28: BLR-027 | B28: Good Shepherd Church | D28: Archdiocese of Bangalore | E28: LAT-BANGALORE | F28: Latin | H28: Thamarai Kannan Road, Hoysalanagar, Murphy Town, Halasuru Post, Bengaluru 560 008 | I28: Halasuru | J28: Bengaluru | L28: Karnataka | M28: 560008 | N28: 12.968488 | O28: 77.642574 | P28: approximate | Q28: pincode | R28: =IF(N28="","",HYPERLINK("https://www.google.com/maps/search/?api=1&query="&N28&","&O28,"Check pin")) -> Check pin | S28: 080-25300498 | U28: https://www.goodshepherd.co.in | W28: 1967
A29: BLR-028 | B29: Holy Rosary Church | D29: Archdiocese of Bangalore | E29: LAT-BANGALORE | F29: Latin | H29: New Airport Road, Venkatala, Yelahanka Post, Bengaluru 560 064 | I29: Yelahanka | J29: Bengaluru | L29: Karnataka | M29: 560064 | N29: 13.085278 | O29: 77.568806 | P29: approximate | Q29: post_office | R29: =IF(N29="","",HYPERLINK("https://www.google.com/maps/search/?api=1&query="&N29&","&O29,"Check pin")) -> Check pin | S29: 080-28571164 | U29: https://www.holyrosarychurchbangalore.com | W29: 1970
A30: BLR-029 | B30: Mother of Mines Shrine | D30: Archdiocese of Bangalore | E30: LAT-BANGALORE | F30: Latin | H30: Orgaum Post, K.G.F. 563 120 | I30: K.G.F | L30: Karnataka | M30: 563120 | N30: 12.9565 | O30: 78.237667 | P30: approximate | Q30: post_office | R30: =IF(N30="","",HYPERLINK("https://www.google.com/maps/search/?api=1&query="&N30&","&O30,"Check pin")) -> Check pin | S30: 08153-260513 | W30: 1975
A31: BLR-030 | B31: Nativity Church | D31: Archdiocese of Bangalore | E31: LAT-BANGALORE | F31: Latin | H31: No. 431, AMS Layout, Vidyaranyapura, II Phase, Bengaluru 560 097 | I31: II Phase | J31: Bengaluru | L31: Karnataka | M31: 560097 | N31: 13.079368 | O31: 77.559539 | P31: approximate | Q31: post_office | R31: =IF(N31="","",HYPERLINK("https://www.google.com/maps/search/?api=1&query="&N31&","&O31,"Check pin")) -> Check pin | S31: 080-23641910 | T31: nativitychurchvidyaranyapura@hotmail.com | U31: https://www.nativityparish.in | W31: 1999
A32: BLR-031 | B32: Our Lady of Lourdes Church | D32: Archdiocese of Bangalore | E32: LAT-BANGALORE | F32: Latin | H32: No. 14, Cambridge Road, Halasuru, Bengaluru 560 008 | I32: Halasuru | J32: Bengaluru | L32: Karnataka | M32: 560008 | N32: 12.165583 | O32: 77.106778 | P32: approximate | Q32: post_office | R32: =IF(N32="","",HYPERLINK("https://www.google.com/maps/search/?api=1&query="&N32&","&O32,"Check pin")) -> Check pin | S32: 080-25306855 | W32: 1937
A33: BLR-032 | B33: Our Lady of Mount Carmel Church | D33: Archdiocese of Bangalore | E33: LAT-BANGALORE | F33: Latin | H33: Mariapura, Thattuguppe Post, Via Udayapura, Bengaluru 560 082 | I33: Via Udayapura | J33: Bengaluru | L33: Karnataka | M33: 560082 | N33: 12.823298 | O33: 77.514065 | P33: approximate | Q33: post_office | R33: =IF(N33="","",HYPERLINK("https://www.google.com/maps/search/?api=1&query="&N33&","&O33,"Check pin")) -> Check pin | W33: 1905
A34: BLR-033 | B34: Our Lady of Victories Church | D34: Archdiocese of Bangalore | E34: LAT-BANGALORE | F34: Latin | H34: Champion Reefs, K.G.F. 563 117 | I34: K.G.F | L34: Karnataka | M34: 563117 | N34: 12.936417 | O34: 78.261361 | P34: approximate | Q34: post_office | R34: =IF(N34="","",HYPERLINK("https://www.google.com/maps/search/?api=1&query="&N34&","&O34,"Check pin")) -> Check pin | S34: 08153 - 274507 | U34: https://www.victorieschurchkgf.com | W34: 1899
A35: BLR-034 | B35: Sacred Heart Church | D35: Archdiocese of Bangalore | E35: LAT-BANGALORE | F35: Latin | H35: Siluvepura, Tharabanahalli Post, Bengaluru 560 090 | I35: Tharabanahalli | J35: Bengaluru | L35: Karnataka | M35: 560090 | N35: 13.086295 | O35: 77.497311 | P35: approximate | Q35: post_office | R35: =IF(N35="","",HYPERLINK("https://www.google.com/maps/search/?api=1&query="&N35&","&O35,"Check pin")) -> Check pin | S35: 080-28466055 | W35: 1880
A36: BLR-035 | B36: Ss Peter and Paul Church | D36: Archdiocese of Bangalore | E36: LAT-BANGALORE | F36: Latin | H36: Jagajivan Ram Nagara, Rayapuram, Bengaluru 560 018 | I36: Rayapuram | J36: Bengaluru | L36: Karnataka | M36: 560018 | N36: 12.956167 | O36: 77.566106 | P36: approximate | Q36: pincode | R36: =IF(N36="","",HYPERLINK("https://www.google.com/maps/search/?api=1&query="&N36&","&O36,"Check pin")) -> Check pin | U36: https://www.sspeterandpaulchurch.in | W36: 1951
A37: BLR-036 | B37: St Anthony's Church | D37: Archdiocese of Bangalore | E37: LAT-BANGALORE | F37: Latin | H37: St. Anthony's Church Street, Off Sarjapura Main Road, Kodathi, Carmelaram Post, Bengaluru 560 035 | I37: Carmelaram | J37: Bengaluru | L37: Karnataka | M37: 560035 | N37: 12.907512 | O37: 77.695678 | P37: approximate | Q37: post_office | R37: =IF(N37="","",HYPERLINK("https://www.google.com/maps/search/?api=1&query="&N37&","&O37,"Check pin")) -> Check pin | W37: 1884
A38: BLR-037 | B38: St Ignatius Church | D38: Archdiocese of Bangalore | E38: LAT-BANGALORE | F38: Latin | H38: Begur, Bengaluru 560 114 | I38: Begur | J38: Bengaluru | L38: Karnataka | M38: 560114 | N38: 12.870465 | O38: 77.626906 | P38: approximate | Q38: post_office | R38: =IF(N38="","",HYPERLINK("https://www.google.com/maps/search/?api=1&query="&N38&","&O38,"Check pin")) -> Check pin | S38: 080-25730884 | W38: 1860
A39: BLR-038 | B39: St Ignatius Church | D39: Archdiocese of Bangalore | E39: LAT-BANGALORE | F39: Latin | H39: Beguru, Bengaluru 560 114 | I39: Beguru | J39: Bengaluru | L39: Karnataka | M39: 560114 | N39: 12.870465 | O39: 77.626906 | P39: approximate | Q39: post_office | R39: =IF(N39="","",HYPERLINK("https://www.google.com/maps/search/?api=1&query="&N39&","&O39,"Check pin")) -> Check pin | S39: 080-25730884 | W39: 1860
A40: BLR-039 | B40: St James Church | D40: Archdiocese of Bangalore | E40: LAT-BANGALORE | F40: Latin | H40: Mariannapalya, Hebbal Agricultural Farm Post, Bengaluru 560 024 | I40: Hebbal Agricultural Farm | J40: Bengaluru | L40: Karnataka | M40: 560024 | N40: 13.030435 | O40: 77.586664 | P40: approximate | Q40: pincode | R40: =IF(N40="","",HYPERLINK("https://www.google.com/maps/search/?api=1&query="&N40&","&O40,"Check pin")) -> Check pin | S40: 080-22330384 | W40: 1943
A41: BLR-040 | B41: St John Paul II Church | D41: Archdiocese of Bangalore | E41: LAT-BANGALORE | F41: Latin | H41: K. Channasandra Main Road, Kalkere, Horamavu Post, Bengaluru 560 036 | I41: Horamavu | J41: Bengaluru | L41: Karnataka | M41: 560036 | N41: 13.005167 | O41: 77.696 | P41: approximate | Q41: pincode | R41: =IF(N41="","",HYPERLINK("https://www.google.com/maps/search/?api=1&query="&N41&","&O41,"Check pin")) -> Check pin | U41: https://www.stjohnpaul2church.com | W41: 2011
A42: BLR-041 | B42: St John the Baptist Church | D42: Archdiocese of Bangalore | E42: LAT-BANGALORE | F42: Latin | H42: No. 95/12, 20th Cross, 8th Main, M.C. Layout, Vijayanagara, Bengaluru 560 040 | I42: Vijayanagara | J42: Bengaluru | L42: Karnataka | M42: 560040 | N42: 12.97266 | O42: 77.54565 | P42: approximate | Q42: post_office | R42: =IF(N42="","",HYPERLINK("https://www.google.com/maps/search/?api=1&query="&N42&","&O42,"Check pin")) -> Check pin | S42: 080-23209848 | T42: wmeetpp@johnbaptistchurch.org | U42: https://www.johnbaptistchurch.org | W42: 1999
A43: BLR-042 | B43: St Joseph's Church | D43: Archdiocese of Bangalore | E43: LAT-BANGALORE | F43: Latin | H43: Briand Square, Chamarajapete, Bengaluru 560 002 | I43: Chamarajapete | J43: Bengaluru | L43: Karnataka | M43: 560002 | N43: 12.965111 | O43: 77.587611 | P43: approximate | Q43: post_office | R43: =IF(N43="","",HYPERLINK("https://www.google.com/maps/search/?api=1&query="&N43&","&O43,"Check pin")) -> Check pin | S43: 080-26708297 | W43: 1867
A44: BLR-043 | B44: St Patrick's Church | D44: Archdiocese of Bangalore | E44: LAT-BANGALORE | F44: Latin | H44: 15 K, Brigade Road, Bengaluru 560 025 | J44: Bengaluru | L44: Karnataka | M44: 560025 | N44: 12.974833 | O44: 77.604 | P44: approximate | Q44: pincode | R44: =IF(N44="","",HYPERLINK("https://www.google.com/maps/search/?api=1&query="&N44&","&O44,"Check pin")) -> Check pin | S44: 080-25587213 | W44: 1844
A45: BLR-044 | B45: St Theresa's Church | D45: Archdiocese of Bangalore | E45: LAT-BANGALORE | F45: Latin | H45: J. C. Road, Bengaluru 560 002 | J45: Bengaluru | L45: Karnataka | M45: 560002 | N45: 12.965111 | O45: 77.587611 | P45: approximate | Q45: post_office | R45: =IF(N45="","",HYPERLINK("https://www.google.com/maps/search/?api=1&query="&N45&","&O45,"Check pin")) -> Check pin | S45: 080-22238948 | W45: 1949
A46: BLR-045 | B46: Annunciation Church | D46: Archdiocese of Bangalore | E46: LAT-BANGALORE | F46: Latin | H46: No. 50, Nandidurga Road, Jayamahal Extension, Benson Town Post, Bengaluru 560 046 | I46: Benson Town | J46: Bengaluru | L46: Karnataka | M46: 560046 | N46: 13.159656 | O46: 75.700839 | P46: approximate | Q46: locality | R46: =IF(N46="","",HYPERLINK("https://www.google.com/maps/search/?api=1&query="&N46&","&O46,"Check pin")) -> Check pin | S46: 080-23541500 | T46: annunciation.church@ymail.com | W46: 2010
A47: BLR-046 | B47: Assumption Church | D47: Archdiocese of Bangalore | E47: LAT-BANGALORE | F47: Latin | H47: 2nd Block, 12th Main, Rajajinagar, Bengaluru 560 010 | I47: Rajajinagar | J47: Bengaluru | L47: Karnataka | M47: 560010 | N47: 12.993209 | O47: 77.554461 | P47: approximate | Q47: post_office | R47: =IF(N47="","",HYPERLINK("https://www.google.com/maps/search/?api=1&query="&N47&","&O47,"Check pin")) -> Check pin | S47: 080-23520300 | W47: 1971
A48: BLR-047 | B48: Christ The King Church | D48: Archdiocese of Bangalore | E48: LAT-BANGALORE | F48: Latin | H48: Byrathi, Kothanur Post, Bengaluru 560 077 | I48: Kothanur | J48: Bengaluru | L48: Karnataka | M48: 560077 | N48: 13.06375 | O48: 77.648861 | P48: approximate | Q48: post_office | R48: =IF(N48="","",HYPERLINK("https://www.google.com/maps/search/?api=1&query="&N48&","&O48,"Check pin")) -> Check pin | S48: 080-28465493 | W48: 1983
A49: BLR-048 | B49: Church of the Holy Name of Jesus | D49: Archdiocese of Bangalore | E49: LAT-BANGALORE | F49: Latin | H49: No. 912, 16th Cross, Ideal Home Township, Rajarajeshwari Nagar, Bengaluru 560 098 | I49: Rajarajeshwari Nagar | J49: Bengaluru | L49: Karnataka | M49: 560098 | N49: 12.91432 | O49: 77.520796 | P49: approximate | Q49: post_office | R49: =IF(N49="","",HYPERLINK("https://www.google.com/maps/search/?api=1&query="&N49&","&O49,"Check pin")) -> Check pin | S49: 080-28604537 | W49: 2002
A50: BLR-049 | B50: Divine Mercy Church | D50: Archdiocese of Bangalore | E50: LAT-BANGALORE | F50: Latin | H50: Anagalapura, Doddagubbi Post, Bengaluru 560 077 | I50: Doddagubbi | J50: Bengaluru | L50: Karnataka | M50: 560077 | N50: 13.06362 | O50: 77.648934 | P50: approximate | Q50: post_office | R50: =IF(N50="","",HYPERLINK("https://www.google.com/maps/search/?api=1&query="&N50&","&O50,"Check pin")) -> Check pin | W50: 2010
A51: BLR-050 | B51: Holy Eucharist Church | D51: Archdiocese of Bangalore | E51: LAT-BANGALORE | F51: Latin | H51: Near Graffitti Garments, Paramarasada Church Road, Mangammanapalya, Bommanahalli Post, Bengaluru 560 068 | I51: Bommanahalli | J51: Bengaluru | L51: Karnataka | M51: 560068 | N51: 12.906986 | O51: 77.630843 | P51: approximate | Q51: post_office | R51: =IF(N51="","",HYPERLINK("https://www.google.com/maps/search/?api=1&query="&N51&","&O51,"Check pin")) -> Check pin | W51: 2004
A52: BLR-051 | B52: Holy Trinity Church | D52: Archdiocese of Bangalore | E52: LAT-BANGALORE | F52: Latin | H52: Mylasandra, Begur Post, Bengaluru 560 114 | I52: Begur | J52: Bengaluru | L52: Karnataka | M52: 560114 | N52: 12.870465 | O52: 77.626906 | P52: approximate | Q52: post_office | R52: =IF(N52="","",HYPERLINK("https://www.google.com/maps/search/?api=1&query="&N52&","&O52,"Check pin")) -> Check pin | W52: 2004
A53: BLR-052 | B53: Holy Trinity Church | D53: Archdiocese of Bangalore | E53: LAT-BANGALORE | F53: Latin | H53: No. 7, Near Ravi Shankar Residency, Kodigehalli Main Road, Sahakar Nagar, Bengaluru 560 092 | I53: Sahakar Nagar | J53: Bengaluru | L53: Karnataka | M53: 560092 | N53: 13.052056 | O53: 77.599083 | P53: approximate | Q53: post_office | R53: =IF(N53="","",HYPERLINK("https://www.google.com/maps/search/?api=1&query="&N53&","&O53,"Check pin")) -> Check pin | S53: 080-23622559 | W53: 2014
A54: BLR-053 | B54: Immaculate Heart of Mary Church | D54: Archdiocese of Bangalore | E54: LAT-BANGALORE | F54: Latin | H54: Sanyasa Institute Campus, Sarjapura Road, Carmelaram Post, Bengaluru 560 035 | I54: Carmelaram | J54: Bengaluru | L54: Karnataka | M54: 560035 | N54: 12.907512 | O54: 77.695678 | P54: approximate | Q54: post_office | R54: =IF(N54="","",HYPERLINK("https://www.google.com/maps/search/?api=1&query="&N54&","&O54,"Check pin")) -> Check pin | W54: 2018
A55: BLR-054 | B55: Infant Jesus Church | D55: Archdiocese of Bangalore | E55: LAT-BANGALORE | F55: Latin | H55: 5th Cross, Anubhava Nagara, Moodalapalya, Nagarabhavi Road, Bengaluru 560 072 | I55: Moodalapalya | J55: Bengaluru | L55: Karnataka | M55: 560072 | N55: 12.955172 | O55: 77.515643 | P55: approximate | Q55: post_office | R55: =IF(N55="","",HYPERLINK("https://www.google.com/maps/search/?api=1&query="&N55&","&O55,"Check pin")) -> Check pin | S55: 080-23381251 | W55: 1989
A56: BLR-055 | B56: Krista Krupalaya Church | D56: Archdiocese of Bangalore | E56: LAT-BANGALORE | F56: Latin | H56: Hosakerehalli, Veerabhadranagara, Bengaluru 560 086 | I56: Veerabhadranagara | J56: Bengaluru | L56: Karnataka | M56: 560086 | N56: 13.010635 | O56: 77.546496 | P56: approximate | Q56: pincode | R56: =IF(N56="","",HYPERLINK("https://www.google.com/maps/search/?api=1&query="&N56&","&O56,"Check pin")) -> Check pin | W56: 2018
A57: BLR-056 | B57: Kristha Karunalaya Church | D57: Archdiocese of Bangalore | E57: LAT-BANGALORE | F57: Latin | H57: Kanakapura Main Road, Jaraganahalli, Chunchaghatta Cross, J. P. Nagar Post, Bengaluru 560 078 | I57: J. P. Nagar | J57: Bengaluru | L57: Karnataka | M57: 560078 | N57: 12.911943 | O57: 77.586866 | P57: approximate | Q57: pincode | R57: =IF(N57="","",HYPERLINK("https://www.google.com/maps/search/?api=1&query="&N57&","&O57,"Check pin")) -> Check pin | W57: 2003
A58: BLR-057 | B58: Mother of Perpetual Help Church | D58: Archdiocese of Bangalore | E58: LAT-BANGALORE | F58: Latin | H58: Akashnagar, B. Narayanapura, Dooravaninagar Post, Bengaluru 560 016 | I58: Dooravaninagar | J58: Bengaluru | L58: Karnataka | M58: 560016 | N58: 13.004472 | O58: 77.683306 | P58: approximate | Q58: post_office | R58: =IF(N58="","",HYPERLINK("https://www.google.com/maps/search/?api=1&query="&N58&","&O58,"Check pin")) -> Check pin | S58: 080-25600136
A59: BLR-058 | B59: Our Lady of Good Health Church | D59: Archdiocese of Bangalore | E59: LAT-BANGALORE | F59: Latin | H59: Anekal,Jigani,near APC Circle, Ittina Nagar, Bengaluru, Karnataka 560105 | I59: Karnataka | J59: Bengaluru | L59: Karnataka | M59: 560105 | N59: 12.786834 | O59: 77.637753 | P59: approximate | Q59: post_office | R59: =IF(N59="","",HYPERLINK("https://www.google.com/maps/search/?api=1&query="&N59&","&O59,"Check pin")) -> Check pin
A60: BLR-059 | B60: Our Lady of Lourdes Church | D60: Archdiocese of Bangalore | E60: LAT-BANGALORE | F60: Latin | H60: Karubele, Kumbalgodu Post, Kengeri Hobli, Bengaluru 560 074 | I60: Kumbalgodu | J60: Bengaluru | L60: Karnataka | M60: 560074 | N60: 12.842834 | O60: 77.451391 | P60: approximate | Q60: post_office | R60: =IF(N60="","",HYPERLINK("https://www.google.com/maps/search/?api=1&query="&N60&","&O60,"Check pin")) -> Check pin | W60: 2015
A61: BLR-060 | B61: Our Lady of Vailankanni Church | D61: Archdiocese of Bangalore | E61: LAT-BANGALORE | F61: Latin | H61: 23/A C.A. Site, A Sector, Yelahanka New Town, Bengaluru 560 064 | I61: Yelahanka New Town | J61: Bengaluru | L61: Karnataka | M61: 560064 | N61: 13.085778 | O61: 77.585611 | P61: approximate | Q61: post_office | R61: =IF(N61="","",HYPERLINK("https://www.google.com/maps/search/?api=1&query="&N61&","&O61,"Check pin")) -> Check pin | S61: 080-28462888 | W61: 1992
A62: BLR-061 | B62: Sacred Heart Church | D62: Archdiocese of Bangalore | E62: LAT-BANGALORE | F62: Latin | H62: No. 3069, Kolar Main Road, Bangarapet 563 114, Kolar Dist. | I62: Bangarapet | K62: Kolar | L62: Karnataka | M62: 563114 | N62: 12.991222 | O62: 78.179694 | P62: approximate | Q62: post_office | R62: =IF(N62="","",HYPERLINK("https://www.google.com/maps/search/?api=1&query="&N62&","&O62,"Check pin")) -> Check pin | S62: 08153-251377 | W62: 1951
A63: BLR-062 | B63: St Anne's Church | D63: Archdiocese of Bangalore | E63: LAT-BANGALORE | F63: Latin | H63: H.A.L. Colony, Marathahalli Post, Bengaluru 560 037 | I63: Marathahalli | J63: Bengaluru | L63: Karnataka | M63: 560037 | N63: 12.9959 | O63: 77.6882 | P63: approximate | Q63: post_office | R63: =IF(N63="","",HYPERLINK("https://www.google.com/maps/search/?api=1&query="&N63&","&O63,"Check pin")) -> Check pin | S63: 080-25234929 | W63: 1984
A64: BLR-063 | B64: St Anne's Church | D64: Archdiocese of Bangalore | E64: LAT-BANGALORE | F64: Latin | H64: Dr. Shivaram Karanth Nagara Post, Mestripalya, Bengaluru 560 077 | I64: Mestripalya | J64: Bengaluru | L64: Karnataka | M64: 560077 | N64: 13.068139 | O64: 77.629222 | P64: approximate | Q64: post_office | R64: =IF(N64="","",HYPERLINK("https://www.google.com/maps/search/?api=1&query="&N64&","&O64,"Check pin")) -> Check pin | W64: 2007
A65: BLR-064 | B65: St Anthony's Church | D65: Archdiocese of Bangalore | E65: LAT-BANGALORE | F65: Latin | H65: Gangondanahalli, 12th Cross, Nayandahalli Post, Bengaluru 560 039 | I65: Nayandahalli | J65: Bengaluru | L65: Karnataka | M65: 560039 | N65: 12.949414 | O65: 77.536332 | P65: approximate | Q65: locality | R65: =IF(N65="","",HYPERLINK("https://www.google.com/maps/search/?api=1&query="&N65&","&O65,"Check pin")) -> Check pin | S65: 080-23396547 | W65: 1993
A66: BLR-065 | B66: St Anthony's Church | D66: Archdiocese of Bangalore | E66: LAT-BANGALORE | F66: Latin | H66: Uttarahalli, Subramanyapura Post, Bengaluru 560 061 | I66: Subramanyapura | J66: Bengaluru | L66: Karnataka | M66: 560061 | N66: 12.899086 | O66: 77.544149 | P66: approximate | Q66: post_office | R66: =IF(N66="","",HYPERLINK("https://www.google.com/maps/search/?api=1&query="&N66&","&O66,"Check pin")) -> Check pin | S66: 080-26392506 | W66: 1997
A67: BLR-066 | B67: St Anthony's Church | D67: Archdiocese of Bangalore | E67: LAT-BANGALORE | F67: Latin | H67: A' Street, New Guddadahalli, Mysore Road, Bengaluru 560 026 | I67: New Guddadahalli | J67: Bengaluru | L67: Karnataka | M67: 560026 | N67: 12.954403 | O67: 77.544282 | P67: approximate | Q67: pincode | R67: =IF(N67="","",HYPERLINK("https://www.google.com/maps/search/?api=1&query="&N67&","&O67,"Check pin")) -> Check pin | S67: 080-26757034 | W67: 1998
A68: BLR-067 | B68: St Anthony's Church | D68: Archdiocese of Bangalore | E68: LAT-BANGALORE | F68: Latin | H68: No. 225, 6th Cross, Netaji Nagar, K.P. Agrahara, Bengaluru 560 023 | I68: K.P. Agrahara | J68: Bengaluru | L68: Karnataka | M68: 560023 | N68: 12.975571 | O68: 77.560338 | P68: approximate | Q68: pincode | R68: =IF(N68="","",HYPERLINK("https://www.google.com/maps/search/?api=1&query="&N68&","&O68,"Check pin")) -> Check pin | S68: 080-23151780 | W68: 1999
A69: BLR-068 | B69: St Anthony's Church | D69: Archdiocese of Bangalore | E69: LAT-BANGALORE | F69: Latin | H69: 3rd Main Road, 1st Block, Kaval Byrasandra, R. T. Nagara Post, Bengaluru 560 032 | I69: R. T. Nagara | J69: Bengaluru | L69: Karnataka | M69: 560032 | N69: 13.021645 | O69: 77.5928 | P69: approximate | Q69: pincode | R69: =IF(N69="","",HYPERLINK("https://www.google.com/maps/search/?api=1&query="&N69&","&O69,"Check pin")) -> Check pin | S69: 080-23542252 | W69: 2001
A70: BLR-069 | B70: St Anthony's Church | D70: Archdiocese of Bangalore | E70: LAT-BANGALORE | F70: Latin | H70: Gottigere Post, Bannerghatta Road, Basavanapura, Bengaluru 560 083, Parish Mob: 7349426324 | I70: Basavanapura | J70: Bengaluru | L70: Karnataka | M70: 560083 | N70: 12.856453 | O70: 77.588432 | P70: approximate | Q70: post_office | R70: =IF(N70="","",HYPERLINK("https://www.google.com/maps/search/?api=1&query="&N70&","&O70,"Check pin")) -> Check pin | W70: 2008
A71: BLR-070 | B71: St Anthony's Church | D71: Archdiocese of Bangalore | E71: LAT-BANGALORE | F71: Latin | H71: N.H. 4, Behind Mathru Shree Hospital, Indiranagara, Nelamangala, Bengaluru 562 123 | I71: Nelamangala | J71: Bengaluru | L71: Karnataka | M71: 562123 | N71: 13.095722 | O71: 77.39325 | P71: approximate | Q71: post_office | R71: =IF(N71="","",HYPERLINK("https://www.google.com/maps/search/?api=1&query="&N71&","&O71,"Check pin")) -> Check pin | W71: 2010
A72: BLR-071 | B72: St Anthony's Church | D72: Archdiocese of Bangalore | E72: LAT-BANGALORE | F72: Latin | H72: Munnekolala, Marathahalli, Bengaluru 560 037 | I72: Marathahalli | J72: Bengaluru | L72: Karnataka | M72: 560037 | N72: 12.9959 | O72: 77.6882 | P72: approximate | Q72: post_office | R72: =IF(N72="","",HYPERLINK("https://www.google.com/maps/search/?api=1&query="&N72&","&O72,"Check pin")) -> Check pin | S72: 080-25229992 | W72: 2016
A73: BLR-072 | B73: St Benedict's Church | D73: Archdiocese of Bangalore | E73: LAT-BANGALORE | F73: Latin | H73: Asirvanam, Benedictine Monastery, Kumbalagudu Post, Anchepalya, Bengaluru 560 074 | I73: Anchepalya | J73: Bengaluru | L73: Karnataka | M73: 560074 | N73: 12.879752 | O73: 77.446574 | P73: approximate | Q73: post_office | R73: =IF(N73="","",HYPERLINK("https://www.google.com/maps/search/?api=1&query="&N73&","&O73,"Check pin")) -> Check pin | S73: 080-28437230
A74: BLR-073 | B74: St Francis of Assisi Church | D74: Archdiocese of Bangalore | E74: LAT-BANGALORE | F74: Latin | H74: No. 26/1, Ring Road, K.S.T., Kengeri Satellite Town, Bengaluru 560 060 | I74: Kengeri Satellite Town | J74: Bengaluru | L74: Karnataka | M74: 560060 | N74: 12.915575 | O74: 77.481582 | P74: approximate | Q74: post_office | R74: =IF(N74="","",HYPERLINK("https://www.google.com/maps/search/?api=1&query="&N74&","&O74,"Check pin")) -> Check pin | S74: 080-28488477 | W74: 2002
A75: BLR-074 | B75: St Francis Xavier's Church | D75: Archdiocese of Bangalore | E75: LAT-BANGALORE | F75: Latin | H75: Chikkakammanahalli, Gottigere Post, Bannerghatta Main Road, Bengaluru 560 083 | I75: Gottigere | J75: Bengaluru | L75: Karnataka | M75: 560083 | N75: 12.856453 | O75: 77.588432 | P75: approximate | Q75: post_office | R75: =IF(N75="","",HYPERLINK("https://www.google.com/maps/search/?api=1&query="&N75&","&O75,"Check pin")) -> Check pin | S75: 080-22720070 | W75: 1955
A76: BLR-075 | B76: St Francis Xavier's Church | D76: Archdiocese of Bangalore | E76: LAT-BANGALORE | F76: Latin | H76: Somanahalli Post, Bengaluru South 560 082 | I76: Somanahalli | J76: Bengaluru | L76: Karnataka | M76: 560082 | N76: 12.823298 | O76: 77.514065 | P76: approximate | Q76: pincode | R76: =IF(N76="","",HYPERLINK("https://www.google.com/maps/search/?api=1&query="&N76&","&O76,"Check pin")) -> Check pin | W76: 1960
A77: BLR-076 | B77: St Gaspar's Church | D77: Archdiocese of Bangalore | E77: LAT-BANGALORE | F77: Latin | H77: Precious Blood Missionaries, 81/233, Kithiganur, Medahalli, Via, K. R. Puram Post, Bengaluru 560 036 | I77: K. R. Puram | J77: Bengaluru | L77: Karnataka | M77: 560036 | N77: 13.005167 | O77: 77.696 | P77: approximate | Q77: pincode | R77: =IF(N77="","",HYPERLINK("https://www.google.com/maps/search/?api=1&query="&N77&","&O77,"Check pin")) -> Check pin | W77: 2009
A78: BLR-077 | B78: St John Marie Vianney Semi Public Church | D78: Archdiocese of Bangalore | E78: LAT-BANGALORE | F78: Latin | H78: 83, Main Layout, Goshala Road, Garudacharyapalya, Mahadevapura, Bengaluru 560 048 | I78: Mahadevapura | J78: Bengaluru | L78: Karnataka | M78: 560048 | N78: 12.995444 | O78: 77.699083 | P78: approximate | Q78: post_office | R78: =IF(N78="","",HYPERLINK("https://www.google.com/maps/search/?api=1&query="&N78&","&O78,"Check pin")) -> Check pin
A79: BLR-078 | B79: St John the Britto Church | D79: Archdiocese of Bangalore | E79: LAT-BANGALORE | F79: Latin | H79: Laggere Main Road (Near Old Bus Stop), Church Road, Parvathi Nagara, Laggere, Peenya Post, Bengaluru 560 058 | I79: Peenya | J79: Bengaluru | L79: Karnataka | M79: 560058 | N79: 13.016539 | O79: 77.507577 | P79: approximate | Q79: post_office | R79: =IF(N79="","",HYPERLINK("https://www.google.com/maps/search/?api=1&query="&N79&","&O79,"Check pin")) -> Check pin | W79: 2016
A80: BLR-079 | B80: St Joseph Vaz Church | D80: Archdiocese of Bangalore | E80: LAT-BANGALORE | F80: Latin | H80: 1st Block, 2nd Stage, Naagarabhaavi, Bengaluru, Karnataka 560091 | I80: Karnataka | J80: Bengaluru | L80: Karnataka | M80: 560091 | N80: 12.99099 | O80: 77.502731 | P80: approximate | Q80: pincode | R80: =IF(N80="","",HYPERLINK("https://www.google.com/maps/search/?api=1&query="&N80&","&O80,"Check pin")) -> Check pin
A81: BLR-080 | B81: St Joseph's Church | D81: Archdiocese of Bangalore | E81: LAT-BANGALORE | F81: Latin | H81: Adigondanahally, Muthanallur Post, Bengaluru 560 099 | I81: Muthanallur | J81: Bengaluru | L81: Karnataka | M81: 560099 | N81: 12.819299 | O81: 77.688125 | P81: approximate | Q81: pincode | R81: =IF(N81="","",HYPERLINK("https://www.google.com/maps/search/?api=1&query="&N81&","&O81,"Check pin")) -> Check pin
A82: BLR-081 | B82: St Joseph's Church | D82: Archdiocese of Bangalore | E82: LAT-BANGALORE | F82: Latin | H82: Soluru Post, Magadi Tq, Ramanagara Dist., 562 127 | I82: Soluru | K82: Ramanagara | L82: Karnataka | M82: 562127 | N82: 13.071111 | O82: 77.242528 | P82: approximate | Q82: post_office | R82: =IF(N82="","",HYPERLINK("https://www.google.com/maps/search/?api=1&query="&N82&","&O82,"Check pin")) -> Check pin | W82: 1937
A83: BLR-082 | B83: St Joseph's Church | D83: Archdiocese of Bangalore | E83: LAT-BANGALORE | F83: Latin | H83: Susaipalayam, B. M. Road, Andersonpete Post, Kolara Gold Fields, K.G.F. 563 113 | I83: K.G.F | L83: Karnataka | M83: 563113 | N83: 12.933722 | O83: 78.167278 | P83: approximate | Q83: post_office | R83: =IF(N83="","",HYPERLINK("https://www.google.com/maps/search/?api=1&query="&N83&","&O83,"Check pin")) -> Check pin | W83: 1970
A84: BLR-083 | B84: St Joseph's Church | D84: Archdiocese of Bangalore | E84: LAT-BANGALORE | F84: Latin | H84: Church Street, BDA Layout, Lingarajapuram, Bengaluru 560 084 | I84: Lingarajapuram | J84: Bengaluru | L84: Karnataka | M84: 560084 | N84: 13.010472 | O84: 77.624694 | P84: approximate | Q84: post_office | R84: =IF(N84="","",HYPERLINK("https://www.google.com/maps/search/?api=1&query="&N84&","&O84,"Check pin")) -> Check pin | S84: 080-25800001 | T84: stjosephschurchlingarajapuram@gmail.com | W84: 2015
A85: BLR-084 | B85: St Jude's Church | D85: Archdiocese of Bangalore | E85: LAT-BANGALORE | F85: Latin | H85: Karahalli Post, Devanahalli Tq., Bengaluru Rural Dist., 562 110 | I85: Karahalli | J85: Bengaluru | K85: Bengaluru Rural | L85: Karnataka | M85: 562110 | N85: 13.234472 | O85: 77.701278 | P85: approximate | Q85: post_office | R85: =IF(N85="","",HYPERLINK("https://www.google.com/maps/search/?api=1&query="&N85&","&O85,"Check pin")) -> Check pin | S85: 080-27646245 | W85: 1971
A86: BLR-085 | B86: St Jude's Church | D86: Archdiocese of Bangalore | E86: LAT-BANGALORE | F86: Latin | H86: 7th Main, H. M. T. Layout, R. T. Nagar Post, Bengaluru 560 032 | I86: R. T. Nagar | J86: Bengaluru | L86: Karnataka | M86: 560032 | N86: 13.021645 | O86: 77.5928 | P86: approximate | Q86: pincode | R86: =IF(N86="","",HYPERLINK("https://www.google.com/maps/search/?api=1&query="&N86&","&O86,"Check pin")) -> Check pin | S86: 080-23339293 | W86: 1992
A87: BLR-086 | B87: St Jude's Church | D87: Archdiocese of Bangalore | E87: LAT-BANGALORE | F87: Latin | H87: Dr. S. Kumara Layout, Maruti Sevanagara, Naganapalya, Bengaluru 560 033 | I87: Naganapalya | J87: Bengaluru | L87: Karnataka | M87: 560033 | N87: 13.007944 | O87: 77.109833 | P87: approximate | Q87: post_office | R87: =IF(N87="","",HYPERLINK("https://www.google.com/maps/search/?api=1&query="&N87&","&O87,"Check pin")) -> Check pin | S87: 080-25481185 | W87: 2010
A88: BLR-087 | B88: St Mary's Church | D88: Archdiocese of Bangalore | E88: LAT-BANGALORE | F88: Latin | H88: Ramakrishna Hegde Nagar, Dr. Shivaram Karanth Nagar Post, K.R. Pura Hobli, Bengaluru 560 077 | I88: Dr. Shivaram Karanth Nagar | J88: Bengaluru | L88: Karnataka | M88: 560077 | N88: 13.068139 | O88: 77.629222 | P88: approximate | Q88: post_office | R88: =IF(N88="","",HYPERLINK("https://www.google.com/maps/search/?api=1&query="&N88&","&O88,"Check pin")) -> Check pin | T88: church_stmarys@yahoo.com | W88: 2000
A89: BLR-088 | B89: St Michael's Church | D89: Archdiocese of Bangalore | E89: LAT-BANGALORE | F89: Latin | H89: Church Road, Shanthinagar, Bengaluru 560 027 | I89: Shanthinagar | J89: Bengaluru | L89: Karnataka | M89: 560027 | N89: 12.961692 | O89: 77.597723 | P89: approximate | Q89: post_office | R89: =IF(N89="","",HYPERLINK("https://www.google.com/maps/search/?api=1&query="&N89&","&O89,"Check pin")) -> Check pin | S89: 080-22221315 | W89: 1953
A90: BLR-089 | B90: St Paul the Hermit Church | D90: Archdiocese of Bangalore | E90: LAT-BANGALORE | F90: Latin | H90: Nagenahalli, R.T. Nagara Post, Bengaluru 560 032 | I90: R.T. Nagara | J90: Bengaluru | L90: Karnataka | M90: 560032 | N90: 13.021645 | O90: 77.5928 | P90: approximate | Q90: pincode | R90: =IF(N90="","",HYPERLINK("https://www.google.com/maps/search/?api=1&query="&N90&","&O90,"Check pin")) -> Check pin | W90: 1990
A91: BLR-090 | B91: St Rock's Church | D91: Archdiocese of Bangalore | E91: LAT-BANGALORE | F91: Latin | H91: Amruthnagar, Kalyan Nagara Post, Chelikere, Bengaluru 560 043 | I91: Chelikere | J91: Bengaluru | L91: Karnataka | M91: 560043 | N91: 12.944722 | O91: 77.574028 | P91: approximate | Q91: post_office | R91: =IF(N91="","",HYPERLINK("https://www.google.com/maps/search/?api=1&query="&N91&","&O91,"Check pin")) -> Check pin | S91: 080-25440585 | W91: 1988
A92: BLR-091 | B92: St Teresa of Kolkata Church | D92: Archdiocese of Bangalore | E92: LAT-BANGALORE | F92: Latin | H92: Kalpana Chawla Road, R.M.V. 1st Stage, Boopasandara, Bengaluru 560 094 | I92: Boopasandara | J92: Bengaluru | L92: Karnataka | M92: 560094 | N92: 13.038371 | O92: 77.574732 | P92: approximate | Q92: pincode | R92: =IF(N92="","",HYPERLINK("https://www.google.com/maps/search/?api=1&query="&N92&","&O92,"Check pin")) -> Check pin | W92: 2014
A93: BLR-092 | B93: St Theresa of Child Jesus Church, Singasandra | D93: Archdiocese of Bangalore | E93: LAT-BANGALORE | F93: Latin | H93: Manipal County Rd, Aishwarya Crystal Layout, Begur, Bengaluru, Karnataka 560068 | I93: Karnataka | J93: Bengaluru | L93: Karnataka | M93: 560068 | N93: 12.906986 | O93: 77.630843 | P93: approximate | Q93: pincode | R93: =IF(N93="","",HYPERLINK("https://www.google.com/maps/search/?api=1&query="&N93&","&O93,"Check pin")) -> Check pin | W93: 1984
A94: BLR-093 | B94: St Theresa's Church | D94: Archdiocese of Bangalore | E94: LAT-BANGALORE | F94: Latin | H94: 2nd Cross Road, Robertsonpet Post, K.G.F. 563 122 | I94: K.G.F | L94: Karnataka | M94: 563122 | N94: 12.9565 | O94: 78.270167 | P94: approximate | Q94: post_office | R94: =IF(N94="","",HYPERLINK("https://www.google.com/maps/search/?api=1&query="&N94&","&O94,"Check pin")) -> Check pin | S94: 08153-261461 | W94: 1929
A95: BLR-094 | B95: St Thomas Church | D95: Archdiocese of Bangalore | E95: LAT-BANGALORE | F95: Latin | H95: Jeevanbhima Nagara (HAL), Bengaluru 560 075 | I95: Jeevanbhima Nagara (HAL) | J95: Bengaluru | L95: Karnataka | M95: 560075 | N95: 12.971083 | O95: 77.656 | P95: approximate | Q95: post_office | R95: =IF(N95="","",HYPERLINK("https://www.google.com/maps/search/?api=1&query="&N95&","&O95,"Check pin")) -> Check pin | S95: 080-25228502 | W95: 1956
A96: BLR-095 | B96: St Thomas Church | D96: Archdiocese of Bangalore | E96: LAT-BANGALORE | F96: Latin | H96: 7th cross, Kanakanagara, R.T. Nagar post, Bengaluru 560 032 | I96: R.T. Nagar post | J96: Bengaluru | L96: Karnataka | M96: 560032 | N96: 13.021645 | O96: 77.5928 | P96: approximate | Q96: pincode | R96: =IF(N96="","",HYPERLINK("https://www.google.com/maps/search/?api=1&query="&N96&","&O96,"Check pin")) -> Check pin | T96: stthomaschurchbangalore@gmail.com | W96: 2017
A97: BLR-096 | B97: Church of Our Lady of Compassion | D97: Archdiocese of Bangalore | E97: LAT-BANGALORE | F97: Latin | H97: Nugilubande, Mulabagilu Tq., Kolara Dist., 563 131 | I97: Nugilubande | K97: Kolara | L97: Karnataka | M97: 563131 | N97: 13.164417 | O97: 78.388417 | P97: approximate | Q97: pincode | R97: =IF(N97="","",HYPERLINK("https://www.google.com/maps/search/?api=1&query="&N97&","&O97,"Check pin")) -> Check pin | W97: 1995
A98: BLR-097 | B98: Holy Cross Church | D98: Archdiocese of Bangalore | E98: LAT-BANGALORE | F98: Latin | H98: B.E.M.L. Nagar, Kathihalli, K.G.F. 563 115 | I98: K.G.F | L98: Karnataka | M98: 563115 | N98: 12.982222 | O98: 78.233944 | P98: approximate | Q98: post_office | R98: =IF(N98="","",HYPERLINK("https://www.google.com/maps/search/?api=1&query="&N98&","&O98,"Check pin")) -> Check pin | S98: 08153- 263243 | W98: 1971
A99: BLR-098 | B99: Holy Rosary Church | D99: Archdiocese of Bangalore | E99: LAT-BANGALORE | F99: Latin | H99: Harobale, Kanakapura Tq., Ramanagara Dist., 562 126 | I99: Harobale | K99: Ramanagara | L99: Karnataka | M99: 562126 | N99: 12.4 | O99: 77.43 | P99: approximate | Q99: post_office | R99: =IF(N99="","",HYPERLINK("https://www.google.com/maps/search/?api=1&query="&N99&","&O99,"Check pin")) -> Check pin | W99: 1859
A100: BLR-099 | B100: Holy Rosary Church | D100: Archdiocese of Bangalore | E100: LAT-BANGALORE | F100: Latin | H100: Bidadi Hobali, Kelhaganahalli Road, Ramanagara Tq., Ramanagara Dist., 571 509 | I100: Bidadi Hobali | K100: Ramanagara | L100: Karnataka | M100: 571509 | N100: 12.898688 | O100: 78.21627 | P100: approximate | Q100: locality | R100: =IF(N100="","",HYPERLINK("https://www.google.com/maps/search/?api=1&query="&N100&","&O100,"Check pin")) -> Check pin | S100: 080-28465493 | W100: 2006
...

Sheet Masses
A1: mass_id | B1: parish_id | C1: parish_name | D1: day | E1: time | F1: type | G1: language | H1: venue | I1: recurrence | J1: notes
A2: CKM-001-M01 | B2: CKM-001 | C2: =IF(B2="","",IFERROR(INDEX(Parishes!$B:$B,MATCH(B2,Parishes!$A:$A,0)),"⚠ unknown parish_id")) -> St. Alphonsus Church | D2: Monday | E2: 06:00 | F2: Adoration | I2: Weekly
A3: CKM-001-M02 | B3: CKM-001 | C3: =IF(B3="","",IFERROR(INDEX(Parishes!$B:$B,MATCH(B3,Parishes!$A:$A,0)),"⚠ unknown parish_id")) -> St. Alphonsus Church | D3: Monday | E3: 06:30 | F3: Mass | I3: Weekly
A4: CKM-001-M03 | B4: CKM-001 | C4: =IF(B4="","",IFERROR(INDEX(Parishes!$B:$B,MATCH(B4,Parishes!$A:$A,0)),"⚠ unknown parish_id")) -> St. Alphonsus Church | D4: Tuesday | E4: 06:00 | F4: Adoration | I4: Weekly
A5: CKM-001-M04 | B5: CKM-001 | C5: =IF(B5="","",IFERROR(INDEX(Parishes!$B:$B,MATCH(B5,Parishes!$A:$A,0)),"⚠ unknown parish_id")) -> St. Alphonsus Church | D5: Tuesday | E5: 06:30 | F5: Mass | I5: Weekly
A6: CKM-001-M05 | B6: CKM-001 | C6: =IF(B6="","",IFERROR(INDEX(Parishes!$B:$B,MATCH(B6,Parishes!$A:$A,0)),"⚠ unknown parish_id")) -> St. Alphonsus Church | D6: Wednesday | E6: 06:00 | F6: Adoration | I6: Weekly
A7: CKM-001-M06 | B7: CKM-001 | C7: =IF(B7="","",IFERROR(INDEX(Parishes!$B:$B,MATCH(B7,Parishes!$A:$A,0)),"⚠ unknown parish_id")) -> St. Alphonsus Church | D7: Wednesday | E7: 06:30 | F7: Mass | I7: Weekly
A8: CKM-001-M07 | B8: CKM-001 | C8: =IF(B8="","",IFERROR(INDEX(Parishes!$B:$B,MATCH(B8,Parishes!$A:$A,0)),"⚠ unknown parish_id")) -> St. Alphonsus Church | D8: Thursday | E8: 06:00 | F8: Adoration | I8: Weekly
A9: CKM-001-M08 | B9: CKM-001 | C9: =IF(B9="","",IFERROR(INDEX(Parishes!$B:$B,MATCH(B9,Parishes!$A:$A,0)),"⚠ unknown parish_id")) -> St. Alphonsus Church | D9: Thursday | E9: 06:30 | F9: Mass | I9: Weekly
A10: CKM-001-M09 | B10: CKM-001 | C10: =IF(B10="","",IFERROR(INDEX(Parishes!$B:$B,MATCH(B10,Parishes!$A:$A,0)),"⚠ unknown parish_id")) -> St. Alphonsus Church | D10: Friday | E10: 18:00 | F10: Mass | I10: Weekly | J10: adoration and Mass
A11: CKM-001-M10 | B11: CKM-001 | C11: =IF(B11="","",IFERROR(INDEX(Parishes!$B:$B,MATCH(B11,Parishes!$A:$A,0)),"⚠ unknown parish_id")) -> St. Alphonsus Church | D11: Saturday | E11: 06:00 | F11: Adoration | I11: Weekly
A12: CKM-001-M11 | B12: CKM-001 | C12: =IF(B12="","",IFERROR(INDEX(Parishes!$B:$B,MATCH(B12,Parishes!$A:$A,0)),"⚠ unknown parish_id")) -> St. Alphonsus Church | D12: Saturday | E12: 06:30 | F12: Mass | I12: Weekly
A13: CKM-001-M12 | B13: CKM-001 | C13: =IF(B13="","",IFERROR(INDEX(Parishes!$B:$B,MATCH(B13,Parishes!$A:$A,0)),"⚠ unknown parish_id")) -> St. Alphonsus Church | D13: Sunday | E13: 06:00 | F13: Adoration | I13: Weekly
A14: CKM-001-M13 | B14: CKM-001 | C14: =IF(B14="","",IFERROR(INDEX(Parishes!$B:$B,MATCH(B14,Parishes!$A:$A,0)),"⚠ unknown parish_id")) -> St. Alphonsus Church | D14: Sunday | E14: 06:30 | F14: Mass | I14: Weekly
A15: CKM-001-M14 | B15: CKM-001 | C15: =IF(B15="","",IFERROR(INDEX(Parishes!$B:$B,MATCH(B15,Parishes!$A:$A,0)),"⚠ unknown parish_id")) -> St. Alphonsus Church | D15: Sunday | E15: 09:00 | F15: Mass | H15: Jayangara | I15: Weekly
A16: CKM-002-M01 | B16: CKM-002 | C16: =IF(B16="","",IFERROR(INDEX(Parishes!$B:$B,MATCH(B16,Parishes!$A:$A,0)),"⚠ unknown parish_id")) -> St. John the Evangelist Church | D16: Monday | E16: 06:30 | F16: Mass | H16: Convent | I16: Weekly
A17: CKM-002-M02 | B17: CKM-002 | C17: =IF(B17="","",IFERROR(INDEX(Parishes!$B:$B,MATCH(B17,Parishes!$A:$A,0)),"⚠ unknown parish_id")) -> St. John the Evangelist Church | D17: Tuesday | E17: 17:30 | F17: Mass | I17: Weekly
A18: CKM-002-M03 | B18: CKM-002 | C18: =IF(B18="","",IFERROR(INDEX(Parishes!$B:$B,MATCH(B18,Parishes!$A:$A,0)),"⚠ unknown parish_id")) -> St. John the Evangelist Church | D18: Wednesday | E18: 06:30 | F18: Mass | I18: Weekly
A19: CKM-002-M04 | B19: CKM-002 | C19: =IF(B19="","",IFERROR(INDEX(Parishes!$B:$B,MATCH(B19,Parishes!$A:$A,0)),"⚠ unknown parish_id")) -> St. John the Evangelist Church | D19: Thursday | E19: 06:30 | F19: Mass | I19: Weekly
A20: CKM-002-M05 | B20: CKM-002 | C20: =IF(B20="","",IFERROR(INDEX(Parishes!$B:$B,MATCH(B20,Parishes!$A:$A,0)),"⚠ unknown parish_id")) -> St. John the Evangelist Church | D20: Friday | E20: 05:30 | F20: Mass | I20: Weekly
A21: CKM-002-M06 | B21: CKM-002 | C21: =IF(B21="","",IFERROR(INDEX(Parishes!$B:$B,MATCH(B21,Parishes!$A:$A,0)),"⚠ unknown parish_id")) -> St. John the Evangelist Church | D21: Saturday | E21: 06:30 | F21: Mass | I21: Weekly
A22: CKM-002-M07 | B22: CKM-002 | C22: =IF(B22="","",IFERROR(INDEX(Parishes!$B:$B,MATCH(B22,Parishes!$A:$A,0)),"⚠ unknown parish_id")) -> St. John the Evangelist Church | D22: Saturday | E22: 17:00 | F22: Rosary | I22: Weekly
A23: CKM-002-M08 | B23: CKM-002 | C23: =IF(B23="","",IFERROR(INDEX(Parishes!$B:$B,MATCH(B23,Parishes!$A:$A,0)),"⚠ unknown parish_id")) -> St. John the Evangelist Church | D23: Saturday | E23: 17:30 | F23: Vigil Mass | H23: Hulkodu | I23: Weekly | J23: Mass (Sunday Mass)
A24: CKM-002-M09 | B24: CKM-002 | C24: =IF(B24="","",IFERROR(INDEX(Parishes!$B:$B,MATCH(B24,Parishes!$A:$A,0)),"⚠ unknown parish_id")) -> St. John the Evangelist Church | D24: Sunday | E24: 07:00 | F24: Rosary | I24: Weekly
A25: CKM-002-M10 | B25: CKM-002 | C25: =IF(B25="","",IFERROR(INDEX(Parishes!$B:$B,MATCH(B25,Parishes!$A:$A,0)),"⚠ unknown parish_id")) -> St. John the Evangelist Church | D25: Sunday | E25: 07:30 | F25: Mass | H25: Malasavara | I25: Weekly
A26: CKM-002-M11 | B26: CKM-002 | C26: =IF(B26="","",IFERROR(INDEX(Parishes!$B:$B,MATCH(B26,Parishes!$A:$A,0)),"⚠ unknown parish_id")) -> St. John the Evangelist Church | D26: Sunday | E26: 09:30 | F26: Rosary | I26: Weekly
A27: CKM-002-M12 | B27: CKM-002 | C27: =IF(B27="","",IFERROR(INDEX(Parishes!$B:$B,MATCH(B27,Parishes!$A:$A,0)),"⚠ unknown parish_id")) -> St. John the Evangelist Church | D27: Sunday | E27: 10:00 | F27: Mass | H27: Arehally | I27: Weekly
A28: CKM-002-M13 | B28: CKM-002 | C28: =IF(B28="","",IFERROR(INDEX(Parishes!$B:$B,MATCH(B28,Parishes!$A:$A,0)),"⚠ unknown parish_id")) -> St. John the Evangelist Church | D28: Sunday | E28: 17:00 | F28: Rosary | I28: Weekly
A29: CKM-002-M14 | B29: CKM-002 | C29: =IF(B29="","",IFERROR(INDEX(Parishes!$B:$B,MATCH(B29,Parishes!$A:$A,0)),"⚠ unknown parish_id")) -> St. John the Evangelist Church | D29: Sunday | E29: 17:30 | F29: Mass | H29: Hosamane | I29: Weekly
A30: CKM-003-M01 | B30: CKM-003 | C30: =IF(B30="","",IFERROR(INDEX(Parishes!$B:$B,MATCH(B30,Parishes!$A:$A,0)),"⚠ unknown parish_id")) -> St. Mary’s Church | D30: Monday | E30: 07:00 | F30: Mass | H30: Convent | I30: Weekly
A31: CKM-003-M02 | B31: CKM-003 | C31: =IF(B31="","",IFERROR(INDEX(Parishes!$B:$B,MATCH(B31,Parishes!$A:$A,0)),"⚠ unknown parish_id")) -> St. Mary’s Church | D31: Tuesday | E31: 06:00 | F31: Adoration | I31: Weekly
A32: CKM-003-M03 | B32: CKM-003 | C32: =IF(B32="","",IFERROR(INDEX(Parishes!$B:$B,MATCH(B32,Parishes!$A:$A,0)),"⚠ unknown parish_id")) -> St. Mary’s Church | D32: Tuesday | E32: 06:30 | F32: Mass | I32: Weekly
A33: CKM-003-M04 | B33: CKM-003 | C33: =IF(B33="","",IFERROR(INDEX(Parishes!$B:$B,MATCH(B33,Parishes!$A:$A,0)),"⚠ unknown parish_id")) -> St. Mary’s Church | D33: Wednesday | E33: 07:00 | F33: Mass | H33: Convent | I33: Weekly
A34: CKM-003-M05 | B34: CKM-003 | C34: =IF(B34="","",IFERROR(INDEX(Parishes!$B:$B,MATCH(B34,Parishes!$A:$A,0)),"⚠ unknown parish_id")) -> St. Mary’s Church | D34: Thursday | E34: 06:00 | F34: Adoration | I34: Weekly
A35: CKM-003-M06 | B35: CKM-003 | C35: =IF(B35="","",IFERROR(INDEX(Parishes!$B:$B,MATCH(B35,Parishes!$A:$A,0)),"⚠ unknown parish_id")) -> St. Mary’s Church | D35: Thursday | E35: 06:30 | F35: Mass | I35: Weekly
A36: CKM-003-M07 | B36: CKM-003 | C36: =IF(B36="","",IFERROR(INDEX(Parishes!$B:$B,MATCH(B36,Parishes!$A:$A,0)),"⚠ unknown parish_id")) -> St. Mary’s Church | D36: Friday | E36: 17:00 | F36: Rosary | I36: Weekly
A37: CKM-003-M08 | B37: CKM-003 | C37: =IF(B37="","",IFERROR(INDEX(Parishes!$B:$B,MATCH(B37,Parishes!$A:$A,0)),"⚠ unknown parish_id")) -> St. Mary’s Church | D37: Friday | E37: 17:30 | F37: Mass | I37: Weekly
A38: CKM-003-M09 | B38: CKM-003 | C38: =IF(B38="","",IFERROR(INDEX(Parishes!$B:$B,MATCH(B38,Parishes!$A:$A,0)),"⚠ unknown parish_id")) -> St. Mary’s Church | D38: Saturday | E38: 17:00 | F38: Rosary | I38: Weekly
A39: CKM-003-M10 | B39: CKM-003 | C39: =IF(B39="","",IFERROR(INDEX(Parishes!$B:$B,MATCH(B39,Parishes!$A:$A,0)),"⚠ unknown parish_id")) -> St. Mary’s Church | D39: Saturday | E39: 17:30 | F39: Mass | I39: Weekly
A40: CKM-003-M11 | B40: CKM-003 | C40: =IF(B40="","",IFERROR(INDEX(Parishes!$B:$B,MATCH(B40,Parishes!$A:$A,0)),"⚠ unknown parish_id")) -> St. Mary’s Church | D40: Sunday | E40: 06:00 | F40: Adoration | I40: Weekly
A41: CKM-003-M12 | B41: CKM-003 | C41: =IF(B41="","",IFERROR(INDEX(Parishes!$B:$B,MATCH(B41,Parishes!$A:$A,0)),"⚠ unknown parish_id")) -> St. Mary’s Church | D41: Sunday | E41: 06:30 | F41: Mass | I41: Weekly
A42: CKM-003-M13 | B42: CKM-003 | C42: =IF(B42="","",IFERROR(INDEX(Parishes!$B:$B,MATCH(B42,Parishes!$A:$A,0)),"⚠ unknown parish_id")) -> St. Mary’s Church | D42: Sunday | E42: 08:00 | F42: Adoration | I42: Weekly
A43: CKM-003-M14 | B43: CKM-003 | C43: =IF(B43="","",IFERROR(INDEX(Parishes!$B:$B,MATCH(B43,Parishes!$A:$A,0)),"⚠ unknown parish_id")) -> St. Mary’s Church | D43: Sunday | E43: 08:30 | F43: Mass | I43: Weekly
A44: CKM-004-M01 | B44: CKM-004 | C44: =IF(B44="","",IFERROR(INDEX(Parishes!$B:$B,MATCH(B44,Parishes!$A:$A,0)),"⚠ unknown parish_id")) -> Bala Yesu Nivas | D44: Monday | E44: 07:00 | F44: Mass | I44: Weekly
A45: CKM-004-M02 | B45: CKM-004 | C45: =IF(B45="","",IFERROR(INDEX(Parishes!$B:$B,MATCH(B45,Parishes!$A:$A,0)),"⚠ unknown parish_id")) -> Bala Yesu Nivas | D45: Tuesday | E45: 07:00 | F45: Mass | I45: Weekly
... A52: CKM-005-M02 | B52: CKM-005 | C52: =IF(B52="","",IFERROR(INDEX(Parishes!$B:$B,MATCH(B52,Parishes!$A:$A,0)),"⚠ unknown parish_id")) -> Our Lady of Victories Church | D52: Monday | E52: 07:00 | F52: Mass | I52: Weekly
A53: CKM-005-M03 | B53: CKM-005 | C53: =IF(B53="","",IFERROR(INDEX(Parishes!$B:$B,MATCH(B53,Parishes!$A:$A,0)),"⚠ unknown parish_id")) -> Our Lady of Victories Church | D53: Tuesday | E53: 17:00 | F53: Mass | I53: Weekly | J53: Mass and St Anthony Novena
A54: CKM-005-M04 | B54: CKM-005 | C54: =IF(B54="","",IFERROR(INDEX(Parishes!$B:$B,MATCH(B54,Parishes!$A:$A,0)),"⚠ unknown parish_id")) -> Our Lady of Victories Church | D54: Wednesday | E54: 07:00 | F54: Mass | H54: Convent | I54: Weekly
A55: CKM-005-M05 | B55: CKM-005 | C55: =IF(B55="","",IFERROR(INDEX(Parishes!$B:$B,MATCH(B55,Parishes!$A:$A,0)),"⚠ unknown parish_id")) -> Our Lady of Victories Church | D55: Thursday | E55: 06:30 | F55: Adoration | I55: Weekly
A56: CKM-005-M06 | B56: CKM-005 | C56: =IF(B56="","",IFERROR(INDEX(Parishes!$B:$B,MATCH(B56,Parishes!$A:$A,0)),"⚠ unknown parish_id")) -> Our Lady of Victories Church | D56: Thursday | E56: 07:00 | F56: Mass | I56: Weekly
A57: CKM-005-M07 | B57: CKM-005 | C57: =IF(B57="","",IFERROR(INDEX(Parishes!$B:$B,MATCH(B57,Parishes!$A:$A,0)),"⚠ unknown parish_id")) -> Our Lady of Victories Church | D57: Friday | E57: 08:30 | F57: Adoration | I57: Weekly
A58: CKM-005-M08 | B58: CKM-005 | C58: =IF(B58="","",IFERROR(INDEX(Parishes!$B:$B,MATCH(B58,Parishes!$A:$A,0)),"⚠ unknown parish_id")) -> Our Lady of Victories Church | D58: Friday | E58: 09:00 | F58: Mass | I58: Weekly
A59: CKM-005-M09 | B59: CKM-005 | C59: =IF(B59="","",IFERROR(INDEX(Parishes!$B:$B,MATCH(B59,Parishes!$A:$A,0)),"⚠ unknown parish_id")) -> Our Lady of Victories Church | D59: Saturday | E59: 06:30 | F59: Adoration | I59: Weekly
A60: CKM-005-M10 | B60: CKM-005 | C60: =IF(B60="","",IFERROR(INDEX(Parishes!$B:$B,MATCH(B60,Parishes!$A:$A,0)),"⚠ unknown parish_id")) -> Our Lady of Victories Church | D60: Saturday | E60: 07:00 | F60: Mass | I60: Weekly
A61: CKM-005-M11 | B61: CKM-005 | C61: =IF(B61="","",IFERROR(INDEX(Parishes!$B:$B,MATCH(B61,Parishes!$A:$A,0)),"⚠ unknown parish_id")) -> Our Lady of Victories Church | D61: Sunday | E61: 06:30 | F61: Adoration | I61: Weekly
A62: CKM-005-M12 | B62: CKM-005 | C62: =IF(B62="","",IFERROR(INDEX(Parishes!$B:$B,MATCH(B62,Parishes!$A:$A,0)),"⚠ unknown parish_id")) -> Our Lady of Victories Church | D62: Sunday | E62: 07:00 | F62: Mass | I62: Weekly
A63: CKM-005-M13 | B63: CKM-005 | C63: =IF(B63="","",IFERROR(INDEX(Parishes!$B:$B,MATCH(B63,Parishes!$A:$A,0)),"⚠ unknown parish_id")) -> Our Lady of Victories Church | D63: Sunday | E63: 08:30 | F63: Adoration | I63: Weekly
A64: CKM-005-M14 | B64: CKM-005 | C64: =IF(B64="","",IFERROR(INDEX(Parishes!$B:$B,MATCH(B64,Parishes!$A:$A,0)),"⚠ unknown parish_id")) -> Our Lady of Victories Church | D64: Sunday | E64: 09:00 | F64: Mass | I64: Weekly
A65: CKM-006-M01 | B65: CKM-006 | C65: =IF(B65="","",IFERROR(INDEX(Parishes!$B:$B,MATCH(B65,Parishes!$A:$A,0)),"⚠ unknown parish_id")) -> Our Lady of Nativity Church | D65: Monday | E65: 06:30 | F65: Mass | I65: Weekly
A66: CKM-006-M02 | B66: CKM-006 | C66: =IF(B66="","",IFERROR(INDEX(Parishes!$B:$B,MATCH(B66,Parishes!$A:$A,0)),"⚠ unknown parish_id")) -> Our Lady of Nativity Church | D66: Tuesday | E66: 06:30 | F66: Mass | I66: Weekly
... A78: CKM-007-M06 | B78: CKM-007 | C78: =IF(B78="","",IFERROR(INDEX(Parishes!$B:$B,MATCH(B78,Parishes!$A:$A,0)),"⚠ unknown parish_id")) -> Sacred Heart Church | D78: Saturday | E78: 07:00 | F78: Mass | I78: Weekly
A79: CKM-007-M07 | B79: CKM-007 | C79: =IF(B79="","",IFERROR(INDEX(Parishes!$B:$B,MATCH(B79,Parishes!$A:$A,0)),"⚠ unknown parish_id")) -> Sacred Heart Church | D79: Sunday | E79: 07:15 | F79: Mass | H79: Basrikatte | I79: Weekly
A80: CKM-007-M08 | B80: CKM-007 | C80: =IF(B80="","",IFERROR(INDEX(Parishes!$B:$B,MATCH(B80,Parishes!$A:$A,0)),"⚠ unknown parish_id")) -> Sacred Heart Church | D80: Sunday | E80: 09:15 | F80: Mass | H80: Basrikatte | I80: Weekly
A81: CKM-007-M09 | B81: CKM-007 | C81: =IF(B81="","",IFERROR(INDEX(Parishes!$B:$B,MATCH(B81,Parishes!$A:$A,0)),"⚠ unknown parish_id")) -> Sacred Heart Church | D81: Sunday | E81: 11:15 | F81: Mass | H81: Kogre | I81: Weekly
A82: CKM-008-M01 | B82: CKM-008 | C82: =IF(B82="","",IFERROR(INDEX(Parishes!$B:$B,MATCH(B82,Parishes!$A:$A,0)),"⚠ unknown parish_id")) -> St. Michael’s Church | D82: Monday | E82: 06:30 | F82: Mass | I82: Weekly
A83: CKM-008-M02 | B83: CKM-008 | C83: =IF(B83="","",IFERROR(INDEX(Parishes!$B:$B,MATCH(B83,Parishes!$A:$A,0)),"⚠ unknown parish_id")) -> St. Michael’s Church | D83: Tuesday | E83: 06:30 | F83: Mass | I83: Weekly
A84: CKM-008-M03 | B84: CKM-008 | C84: =IF(B84="","",IFERROR(INDEX(Parishes!$B:$B,MATCH(B84,Parishes!$A:$A,0)),"⚠ unknown parish_id")) -> St. Michael’s Church | D84: Wednesday | E84: 06:30 | F84: Mass | I84: Weekly
A85: CKM-008-M04 | B85: CKM-008 | C85: =IF(B85="","",IFERROR(INDEX(Parishes!$B:$B,MATCH(B85,Parishes!$A:$A,0)),"⚠ unknown parish_id")) -> St. Michael’s Church | D85: Thursday | E85: 06:30 | F85: Mass | I85: Weekly
A86: CKM-008-M05 | B86: CKM-008 | C86: =IF(B86="","",IFERROR(INDEX(Parishes!$B:$B,MATCH(B86,Parishes!$A:$A,0)),"⚠ unknown parish_id")) -> St. Michael’s Church | D86: Friday | E86: 06:30 | F86: Mass | I86: Weekly
A87: CKM-008-M06 | B87: CKM-008 | C87: =IF(B87="","",IFERROR(INDEX(Parishes!$B:$B,MATCH(B87,Parishes!$A:$A,0)),"⚠ unknown parish_id")) -> St. Michael’s Church | D87: Saturday | E87: 06:30 | F87: Mass | I87: Weekly
A88: CKM-008-M07 | B88: CKM-008 | C88: =IF(B88="","",IFERROR(INDEX(Parishes!$B:$B,MATCH(B88,Parishes!$A:$A,0)),"⚠ unknown parish_id")) -> St. Michael’s Church | D88: Sunday | E88: 07:00 | F88: Mass | H88: Tolalu | I88: Weekly
A89: CKM-008-M08 | B89: CKM-008 | C89: =IF(B89="","",IFERROR(INDEX(Parishes!$B:$B,MATCH(B89,Parishes!$A:$A,0)),"⚠ unknown parish_id")) -> St. Michael’s Church | D89: Sunday | E89: 08:30 | F89: Mass | H89: Belur | I89: Weekly
A90: CKM-009-M01 | B90: CKM-009 | C90: =IF(B90="","",IFERROR(INDEX(Parishes!$B:$B,MATCH(B90,Parishes!$A:$A,0)),"⚠ unknown parish_id")) -> St. Joseph's Church | D90: Sunday | E90: 06:30 | F90: Mass | I90: Weekly
A91: CKM-009-M02 | B91: CKM-009 | C91: =IF(B91="","",IFERROR(INDEX(Parishes!$B:$B,MATCH(B91,Parishes!$A:$A,0)),"⚠ unknown parish_id")) -> St. Joseph's Church | D91: Sunday | E91: 08:30 | F91: Mass | I91: Weekly
A92: CKM-010-M01 | B92: CKM-010 | C92: =IF(B92="","",IFERROR(INDEX(Parishes!$B:$B,MATCH(B92,Parishes!$A:$A,0)),"⚠ unknown parish_id")) -> Divine Mercy Church | D92: Monday | E92: 06:30 | F92: Mass | I92: Weekly
A93: CKM-010-M02 | B93: CKM-010 | C93: =IF(B93="","",IFERROR(INDEX(Parishes!$B:$B,MATCH(B93,Parishes!$A:$A,0)),"⚠ unknown parish_id")) -> Divine Mercy Church | D93: Tuesday | E93: 06:30 | F93: Mass | I93: Weekly
A94: CKM-010-M03 | B94: CKM-010 | C94: =IF(B94="","",IFERROR(INDEX(Parishes!$B:$B,MATCH(B94,Parishes!$A:$A,0)),"⚠ unknown parish_id")) -> Divine Mercy Church | D94: Wednesday | E94: 06:30 | F94: Mass | I94: Weekly
A95: CKM-010-M04 | B95: CKM-010 | C95: =IF(B95="","",IFERROR(INDEX(Parishes!$B:$B,MATCH(B95,Parishes!$A:$A,0)),"⚠ unknown parish_id")) -> Divine Mercy Church | D95: Thursday | E95: 06:30 | F95: Mass | I95: Weekly
A96: CKM-010-M05 | B96: CKM-010 | C96: =IF(B96="","",IFERROR(INDEX(Parishes!$B:$B,MATCH(B96,Parishes!$A:$A,0)),"⚠ unknown parish_id")) -> Divine Mercy Church | D96: Friday | E96: 18:15 | F96: Mass | I96: Weekly | J96: (Adoration, Divine Mercry Rosary & Novena & Mass)
A97: CKM-010-M06 | B97: CKM-010 | C97: =IF(B97="","",IFERROR(INDEX(Parishes!$B:$B,MATCH(B97,Parishes!$A:$A,0)),"⚠ unknown parish_id")) -> Divine Mercy Church | D97: Saturday | E97: 06:30 | F97: Mass | I97: Weekly
A98: CKM-010-M07 | B98: CKM-010 | C98: =IF(B98="","",IFERROR(INDEX(Parishes!$B:$B,MATCH(B98,Parishes!$A:$A,0)),"⚠ unknown parish_id")) -> Divine Mercy Church | D98: Sunday | E98: 09:00 | F98: Mass | I98: Weekly
A99: CKM-011-M01 | B99: CKM-011 | C99: =IF(B99="","",IFERROR(INDEX(Parishes!$B:$B,MATCH(B99,Parishes!$A:$A,0)),"⚠ unknown parish_id")) -> St. Joseph's Cathedral | D99: Monday | E99: 06:15 | F99: Mass | I99: Weekly
A100: CKM-011-M02 | B100: CKM-011 | C100: =IF(B100="","",IFERROR(INDEX(Parishes!$B:$B,MATCH(B100,Parishes!$A:$A,0)),"⚠ unknown parish_id")) -> St. Joseph's Cathedral | D100: Monday | E100: 18:00 | F100: Mass | I100: Weekly
A101: CKM-011-M03 | B101: CKM-011 | C101: =IF(B101="","",IFERROR(INDEX(Parishes!$B:$B,MATCH(B101,Parishes!$A:$A,0)),"⚠ unknown parish_id")) -> St. Joseph's Cathedral | D101: Tuesday | E101: 06:15 | F101: Mass | I101: Weekly
A102: CKM-011-M04 | B102: CKM-011 | C102: =IF(B102="","",IFERROR(INDEX(Parishes!$B:$B,MATCH(B102,Parishes!$A:$A,0)),"⚠ unknown parish_id")) -> St. Joseph's Cathedral | D102: Tuesday | E102: 18:00 | F102: Mass | I102: Weekly
A103: CKM-011-M05 | B103: CKM-011 | C103: =IF(B103="","",IFERROR(INDEX(Parishes!$B:$B,MATCH(B103,Parishes!$A:$A,0)),"⚠ unknown parish_id")) -> St. Joseph's Cathedral | D103: Wednesday | E103: 06:15 | F103: Mass | I103: Weekly
A104: CKM-011-M06 | B104: CKM-011 | C104: =IF(B104="","",IFERROR(INDEX(Parishes!$B:$B,MATCH(B104,Parishes!$A:$A,0)),"⚠ unknown parish_id")) -> St. Joseph's Cathedral | D104: Wednesday | E104: 18:00 | F104: Mass | I104: Weekly
A105: CKM-011-M07 | B105: CKM-011 | C105: =IF(B105="","",IFERROR(INDEX(Parishes!$B:$B,MATCH(B105,Parishes!$A:$A,0)),"⚠ unknown parish_id")) -> St. Joseph's Cathedral | D105: Thursday | E105: 06:15 | F105: Mass | I105: Weekly
A106: CKM-011-M08 | B106: CKM-011 | C106: =IF(B106="","",IFERROR(INDEX(Parishes!$B:$B,MATCH(B106,Parishes!$A:$A,0)),"⚠ unknown parish_id")) -> St. Joseph's Cathedral | D106: Thursday | E106: 18:00 | F106: Mass | I106: Weekly
A107: CKM-011-M09 | B107: CKM-011 | C107: =IF(B107="","",IFERROR(INDEX(Parishes!$B:$B,MATCH(B107,Parishes!$A:$A,0)),"⚠ unknown parish_id")) -> St. Joseph's Cathedral | D107: Friday | E107: 06:15 | F107: Mass | I107: Weekly
A108: CKM-011-M10 | B108: CKM-011 | C108: =IF(B108="","",IFERROR(INDEX(Parishes!$B:$B,MATCH(B108,Parishes!$A:$A,0)),"⚠ unknown parish_id")) -> St. Joseph's Cathedral | D108: Friday | E108: 09:00 | F108: Mass | I108: Weekly | J108: (Children Mass)
A109: CKM-011-M11 | B109: CKM-011 | C109: =IF(B109="","",IFERROR(INDEX(Parishes!$B:$B,MATCH(B109,Parishes!$A:$A,0)),"⚠ unknown parish_id")) -> St. Joseph's Cathedral | D109: Friday | E109: 18:00 | F109: Adoration | I109: Weekly
A110: CKM-011-M12 | B110: CKM-011 | C110: =IF(B110="","",IFERROR(INDEX(Parishes!$B:$B,MATCH(B110,Parishes!$A:$A,0)),"⚠ unknown parish_id")) -> St. Joseph's Cathedral | D110: Saturday | E110: 06:15 | F110: Mass | I110: Weekly
A111: CKM-011-M13 | B111: CKM-011 | C111: =IF(B111="","",IFERROR(INDEX(Parishes!$B:$B,MATCH(B111,Parishes!$A:$A,0)),"⚠ unknown parish_id")) -> St. Joseph's Cathedral | D111: Sunday | E111: 06:00 | F111: Mass | I111: Weekly
A112: CKM-011-M14 | B112: CKM-011 | C112: =IF(B112="","",IFERROR(INDEX(Parishes!$B:$B,MATCH(B112,Parishes!$A:$A,0)),"⚠ unknown parish_id")) -> St. Joseph's Cathedral | D112: Sunday | E112: 08:30 | F112: Mass | I112: Weekly
A113: CKM-011-M15 | B113: CKM-011 | C113: =IF(B113="","",IFERROR(INDEX(Parishes!$B:$B,MATCH(B113,Parishes!$A:$A,0)),"⚠ unknown parish_id")) -> St. Joseph's Cathedral | D113: Sunday | E113: 17:00 | F113: Mass | I113: Weekly
A114: CKM-012-M01 | B114: CKM-012 | C114: =IF(B114="","",IFERROR(INDEX(Parishes!$B:$B,MATCH(B114,Parishes!$A:$A,0)),"⚠ unknown parish_id")) -> Our lady of Lourdes Church | D114: Monday | E114: 17:00 | F114: Mass | I114: Weekly
A115: CKM-012-M02 | B115: CKM-012 | C115: =IF(B115="","",IFERROR(INDEX(Parishes!$B:$B,MATCH(B115,Parishes!$A:$A,0)),"⚠ unknown parish_id")) -> Our lady of Lourdes Church | D115: Tuesday | E115: 17:00 | F115: Mass | I115: Weekly
A116: CKM-012-M03 | B116: CKM-012 | C116: =IF(B116="","",IFERROR(INDEX(Parishes!$B:$B,MATCH(B116,Parishes!$A:$A,0)),"⚠ unknown parish_id")) -> Our lady of Lourdes Church | D116: Wednesday | E116: 17:00 | F116: Mass | I116: Weekly
A117: CKM-012-M04 | B117: CKM-012 | C117: =IF(B117="","",IFERROR(INDEX(Parishes!$B:$B,MATCH(B117,Parishes!$A:$A,0)),"⚠ unknown parish_id")) -> Our lady of Lourdes Church | D117: Thursday | E117: 17:00 | F117: Mass | I117: Weekly
...

Sheet Lists
A1: day | B1: type | C1: language | D1: geo_status | E1: recurrence | F1: geo_precision
A2: Monday | B2: Mass | C2: Kannada | D2: pending | E2: Weekly | F2: exact
A3: Tuesday | B3: Vigil Mass | C3: Konkani | D3: approximate | E3: First Friday | F3: post_office
A4: Wednesday | B4: Adoration | C4: English | D4: verified | E4: First Saturday | F4: pincode
A5: Thursday | B5: Rosary | C5: Tamil | E5: First & Third week | F5: locality
A6: Friday | B6: Novena | C6: Malayalam | E6: Second & Fourth week
A7: Saturday | B7: Confession | C7: Telugu | E7: Seasonal
A8: Sunday | B8: Other | C8: Hindi | E8: Special
C9: Tulu
C10: Latin
